{"coef": [[86.36807041897094]], "intercept": [100.0646682361871]}